 charles=Charles McCathie Nevile <chaals@yandex-team.ru>
 connolly=Dan Connolly <dan@dm93.org>
 danbri=Dan Brickley <danbri@danbri.org>
 dom=Dominique Hazaël-Massieux <dom@w3.org>
 eefi= EspeonEefi <eefi@MIT.EDU>
 eric=Eric Prud'hommeaux <eric+github@w3.org>
 ghuo=George Huo <ghuo@mit.edu>
 ijacobs=Ian Jacobs <ij@w3.org>
 jules=Jules Clement <jules@webfoundation.org>
 kdubost=Karl Dubost <karl@la-grange.net>
 mnot=Mark Nottingham <mnot@mnot.net>
 reagle=Joseph Reagle <joseph.2011@reagle.org>
 ryanlee=Ryan Lee <ryanlee@csail.mit.edu>
 sandro=Sandro Hawke <sandro@hawke.org>
 swick=Ralph Swick <swick@w3.org>
 syosi=Yosi Scharf <syosi@mit.edu>
 ted=Ted Guild <ted@w3.org>
 timbl=Tim Berners-Lee <timbl@w3.org> America/Boston
 vkolovsk=Vladimir Kolovski <kolovski@cs.umd.edu>
